id,address,birth_date,name,surname,email,shipping_address
1,893 Sullivan Circle,2000-08-23,Anabelle,Channing,achanning0@woothemes.com,25 Mandrake Avenue
2,8 Huxley Plaza,1949-02-27,Cassie,Mansion,cmansion1@blogtalkradio.com,1 Hoepker Center
3,881 Burning Wood Court,1959-08-10,Owen,Hallwood,ohallwood2@bloomberg.com,880 Briar Crest Crossing
4,839 Menomonie Parkway,1959-01-06,Rebecca,Cruise,rcruise3@spiegel.de,3 Bonner Center
5,06 Doe Crossing Place,1972-10-03,Evita,Searson,esearson4@chron.com,136 Hoard Plaza
6,9209 Packers Lane,1957-07-24,Boone,Folkes,bfolkes5@weibo.com,79642 Artisan Avenue
7,794 Mendota Point,1962-01-02,Alonzo,Fores,afores6@hugedomains.com,9657 Stephen Terrace
8,8915 Schmedeman Junction,1944-05-03,Genny,Cleland,gcleland7@nbcnews.com,483 Farmco Center
9,73406 Becker Park,1936-07-18,Denise,Stallibrass,dstallibrass8@businessinsider.com,3746 Fairfield Street
10,197 Muir Street,1987-10-13,Maribeth,Cloake,mcloake9@newsvine.com,2752 Corben Crossing
11,41388 Sauthoff Way,1975-02-02,Coleen,Strank,cstranka@ovh.net,69342 Nancy Circle
12,176 Tennyson Park,1939-11-09,Phebe,Donaho,pdonahob@eventbrite.com,0 Meadow Vale Trail
13,60119 Meadow Ridge Junction,1987-05-15,Pia,Leve,plevec@multiply.com,5 1st Pass
14,9792 Jenifer Junction,1947-06-10,Evey,Vass,evassd@tamu.edu,68695 Almo Center
15,5 Haas Terrace,1949-02-13,Luella,Dronsfield,ldronsfielde@themeforest.net,0 Nova Parkway
16,21559 Waxwing Parkway,1989-10-08,Bathsheba,Gorgen,bgorgenf@altervista.org,47528 Hoard Hill
17,5229 Bultman Street,2001-06-01,Joella,Mammatt,jmammattg@wufoo.com,17829 Charing Cross Road
18,29 Pennsylvania Pass,1979-07-17,Matilda,Styant,mstyanth@globo.com,8820 Northwestern Lane
19,9891 Columbus Circle,1941-04-29,Derick,Stirton,dstirtoni@printfriendly.com,89 Esker Circle
20,53296 Canary Terrace,1984-09-23,Sylvia,Aust,saustj@hibu.com,67463 Straubel Point
21,62 Dryden Hill,1938-08-19,Inglis,Neeves,ineevesk@bandcamp.com,6 North Terrace
22,5671 Weeping Birch Point,2001-04-29,Malchy,Casassa,mcasassal@narod.ru,38 Badeau Way
23,2205 Heath Street,1978-09-12,Willyt,Simcoe,wsimcoem@sciencedirect.com,63 Cody Parkway
24,4 Dapin Park,1996-05-16,Elita,Jefford,ejeffordn@amazon.com,175 Maple Plaza
25,107 Dottie Road,1977-04-25,Lucas,Link,llinko@netlog.com,5648 Orin Street
26,9271 Hagan Drive,1973-08-11,Pepito,Martinovsky,pmartinovskyp@jigsy.com,9783 Sauthoff Circle
27,4 Blue Bill Park Alley,1979-12-20,Hilliard,O'Dyvoie,hodyvoieq@columbia.edu,1 Atwood Center
28,22 Coolidge Point,1995-11-26,Torrin,Heare,thearer@reference.com,3 Norway Maple Hill
29,29827 Miller Way,1952-09-03,Robbyn,MacCostye,rmaccostyes@goodreads.com,335 Farragut Center
30,348 Sutherland Hill,1974-03-11,Merridie,Brenstuhl,mbrenstuhlt@twitpic.com,36823 Hudson Road
31,70514 Huxley Junction,1982-10-15,Nicky,Pleavin,npleavinu@last.fm,04501 Amoth Terrace
32,42252 Bluejay Trail,1939-11-01,Wittie,McNeil,wmcneilv@mozilla.org,26996 Sage Crossing
33,172 Fair Oaks Park,1968-08-29,Calvin,Topling,ctoplingw@samsung.com,863 Artisan Court
34,0764 Summit Lane,1971-07-10,Aggie,Burley,aburleyx@yale.edu,164 Coolidge Pass
35,37731 John Wall Point,1983-05-06,Meghan,Lemoir,mlemoiry@fastcompany.com,812 Anniversary Circle
36,4913 Vidon Point,1985-07-27,Dorie,Ebbings,debbingsz@google.pl,95 Kings Street
37,34 Lien Trail,1967-06-02,Lars,Tours,ltours10@census.gov,1192 Drewry Junction
38,7 Cardinal Place,1951-04-26,Horatia,Vaud,hvaud11@ftc.gov,2 Rockefeller Pass
39,7125 Memorial Crossing,1952-03-10,Eula,Scholtis,escholtis12@msu.edu,3845 Warrior Circle
40,44 Muir Trail,1940-07-21,Todd,Stigers,tstigers13@slashdot.org,44 Sunnyside Court
41,2803 Prairie Rose Circle,1971-11-12,Dwain,Borkett,dborkett14@t-online.de,8 Kingsford Point
42,4400 Mccormick Park,1997-11-10,Selie,Dooland,sdooland15@ow.ly,4 Russell Junction
43,58042 Hauk Pass,1934-02-12,Jeannette,Twigley,jtwigley16@qq.com,7079 Del Sol Drive
44,98 Heath Junction,1968-08-12,Vi,Shotboult,vshotboult17@yellowpages.com,0 Buhler Trail
45,58932 Prentice Drive,1980-10-31,Stanfield,Sudell,ssudell18@latimes.com,7317 Hallows Drive
46,5 Melrose Place,1974-05-08,Karlene,Fedder,kfedder19@google.ru,67 Oriole Trail
47,219 Jana Lane,1958-05-10,Marice,Habershon,mhabershon1a@omniture.com,1089 Atwood Hill
48,35471 Butternut Court,1954-01-21,Barbie,Coller,bcoller1b@macromedia.com,99642 Hooker Lane
49,48433 Green Alley,1980-12-08,Sim,Jurgen,sjurgen1c@washington.edu,08697 Cottonwood Hill
50,8 Thierer Terrace,1963-01-14,Timi,Favey,tfavey1d@prlog.org,5 Luster Court
51,352 Butterfield Pass,1976-05-02,Emelen,Giercke,egiercke1e@reddit.com,91 Colorado Park
52,28 Grayhawk Point,1986-09-28,Jade,Howarth,jhowarth1f@mapy.cz,80795 Weeping Birch Plaza
53,2 Bayside Alley,1941-01-12,Agretha,Avent,aavent1g@wunderground.com,03771 Debra Crossing
54,0403 Fairview Street,1954-08-06,Gasper,Krabbe,gkrabbe1h@illinois.edu,04 Orin Parkway
55,1806 Duke Parkway,1959-04-13,Gertrudis,Larrad,glarrad1i@woothemes.com,0072 Duke Hill
56,50 Lillian Parkway,1965-04-04,Loella,Panons,lpanons1j@yandex.ru,20992 Kedzie Avenue
57,9 Ridgeview Center,1945-02-04,Immanuel,Harkes,iharkes1k@omniture.com,185 Hayes Court
58,74345 Pepper Wood Pass,1999-10-28,Cassondra,Dowty,cdowty1l@t-online.de,65410 Sugar Avenue
59,77 Spohn Point,1962-03-29,Luis,Hutchinson,lhutchinson1m@google.com.hk,927 Johnson Center
60,635 Ruskin Crossing,1984-11-13,Ferdy,Buscher,fbuscher1n@tinyurl.com,5 Macpherson Point
61,926 Fulton Street,1995-11-21,Carson,Santorini,csantorini1o@123-reg.co.uk,09424 Ramsey Drive
62,22618 Grim Alley,1963-11-01,Kimmy,Darrington,kdarrington1p@wufoo.com,846 Waywood Terrace
63,0783 South Center,1939-05-19,Kassi,Jorat,kjorat1q@csmonitor.com,5722 Little Fleur Point
64,875 Loftsgordon Park,1932-07-14,Emmey,Stubbin,estubbin1r@msu.edu,7 Burrows Trail
65,0 Kipling Junction,1981-11-02,Rhea,Giovanizio,rgiovanizio1s@php.net,2 Texas Place
66,3934 Corscot Crossing,1932-06-07,Ellynn,Hollyard,ehollyard1t@ehow.com,65 Kings Hill
67,31 Amoth Plaza,1957-07-04,Malory,Shickle,mshickle1u@seesaa.net,1 Anzinger Center
68,7 Meadow Vale Pass,1996-08-07,Adrien,Boldock,aboldock1v@arizona.edu,942 Sunbrook Parkway
69,42102 Moulton Circle,1935-11-22,Courtney,Stathor,cstathor1w@amazon.co.jp,6 Onsgard Court
70,65 Heffernan Plaza,1988-08-10,Julian,Janway,jjanway1x@state.tx.us,53497 Oxford Court
71,7 Schurz Center,1973-05-15,Giacomo,Clemot,gclemot1y@google.com,30 Badeau Plaza
72,4 Westend Hill,1975-10-21,Livia,Ferrino,lferrino1z@wikispaces.com,362 Sundown Court
73,71347 Fordem Pass,1964-11-07,Jeanne,Hassin,jhassin20@bluehost.com,4 Crowley Trail
74,23806 West Drive,1932-07-28,Denney,Wyman,dwyman21@prlog.org,7 Fordem Alley
75,3860 Melody Circle,1969-06-05,Gavan,Klemensiewicz,gklemensiewicz22@delicious.com,84452 Trailsway Court
76,900 Trailsway Parkway,1947-08-24,Tyler,Rossey,trossey23@freewebs.com,4558 Mosinee Junction
77,5846 Golf Place,1965-05-14,Noreen,Patriche,npatriche24@senate.gov,63 Quincy Pass
78,34 Sundown Plaza,1958-05-15,Mychal,Macia,mmacia25@wordpress.com,32 Pennsylvania Place
79,74 Granby Place,1993-11-27,Godfrey,Upham,gupham26@sina.com.cn,059 Dryden Court
80,3 Amoth Parkway,1970-01-31,Kerby,Snedker,ksnedker27@xing.com,76402 Pankratz Point
81,206 Park Meadow Center,1931-04-11,Jaclin,Asple,jasple28@oaic.gov.au,63054 Mitchell Park
82,175 Ludington Way,1952-02-16,Clayson,Lafontaine,clafontaine29@irs.gov,06 Lukken Parkway
83,36 Cambridge Junction,1951-04-26,Sid,Glew,sglew2a@upenn.edu,923 Reinke Trail
84,6329 Manitowish Crossing,1931-05-23,Annabela,Charlot,acharlot2b@yale.edu,6 Toban Lane
85,42162 Eastwood Junction,2001-02-05,Rae,Merring,rmerring2c@fda.gov,43755 Golden Leaf Center
86,0 Kedzie Pass,1943-01-17,Bastian,Di Napoli,bdinapoli2d@1688.com,95 Kingsford Street
87,68 Bluejay Street,1984-03-16,Elisha,Ligerton,eligerton2e@ox.ac.uk,07 Shopko Hill
88,64 Welch Court,1986-12-04,Mozes,Meas,mmeas2f@zdnet.com,1 Nelson Avenue
89,88 Glacier Hill Terrace,1946-04-17,Pate,Widdowes,pwiddowes2g@issuu.com,084 Toban Crossing
90,5 Hollow Ridge Parkway,1930-01-31,Abey,Vogeller,avogeller2h@ted.com,9 Chive Pass
91,67683 Cottonwood Junction,1978-07-01,Kaitlin,Kleinhausen,kkleinhausen2i@illinois.edu,05950 Hauk Hill
92,952 Moland Parkway,1938-03-02,Drew,Gregine,dgregine2j@house.gov,84819 Banding Crossing
93,596 Mcguire Drive,1996-06-03,Delmore,Pargent,dpargent2k@sciencedirect.com,027 East Crossing
94,1313 Hanson Pass,1935-06-12,Ema,Karpinski,ekarpinski2l@skyrock.com,27274 Artisan Avenue
95,02 Golf View Lane,1978-05-01,Christiane,Von Der Empten,cvonderempten2m@ovh.net,029 Karstens Hill
96,43898 Boyd Alley,1973-02-04,Thomasine,Greave,tgreave2n@bloglines.com,15 Schmedeman Point
97,5 Quincy Pass,1986-09-20,Ennis,Pirouet,epirouet2o@flavors.me,1 Lake View Crossing
98,6090 Rockefeller Road,1949-03-12,Rafaelita,Applewhaite,rapplewhaite2p@google.it,4 Meadow Vale Terrace
99,163 Gateway Drive,1989-06-08,Garland,Clampin,gclampin2q@guardian.co.uk,5824 Kensington Pass
100,181 Grover Crossing,1967-04-05,Dasya,Zealander,dzealander2r@spotify.com,59 Sutherland Parkway
101,991 Johnson Pass,1992-06-18,Kalila,Pote,kpote2s@google.com.au,00 Spaight Terrace
102,42 Mesta Junction,1963-11-26,Deidre,Tison,dtison2t@cdc.gov,8995 Golden Leaf Pass
103,30685 Grasskamp Parkway,1937-11-26,Adelle,Zarb,azarb2u@marriott.com,793 Cambridge Trail
104,858 Mosinee Trail,1947-09-05,Anselm,Banbrigge,abanbrigge2v@ucla.edu,9 Calypso Circle
105,9 Portage Terrace,1984-01-16,Kat,Poundford,kpoundford2w@accuweather.com,22585 Susan Parkway
106,50 Pleasure Court,1981-05-09,Teddie,Bartlomiej,tbartlomiej2x@ovh.net,040 Fairfield Park
107,9 Becker Pass,1960-09-30,Arlie,Seeborne,aseeborne2y@reverbnation.com,201 Coleman Pass
108,51330 Dexter Pass,1988-11-29,Holly-anne,Kamena,hkamena2z@photobucket.com,84 Ridgeway Circle
109,93 Cascade Way,2000-09-12,Hinze,Boules,hboules30@foxnews.com,1457 Talisman Court
110,7 Portage Terrace,1939-06-16,Rakel,Pleace,rpleace31@foxnews.com,07 Claremont Court
111,497 Golf View Plaza,1998-02-04,Fidelio,Shippam,fshippam32@1und1.de,0 Bunting Plaza
112,631 Cottonwood Pass,1967-11-08,Cherish,Christmas,cchristmas33@abc.net.au,16 Fairfield Junction
113,902 Scott Junction,1936-08-04,Gordon,Pollak,gpollak34@admin.ch,95 Morrow Pass
114,43 Maywood Terrace,1989-06-12,Zabrina,Shankland,zshankland35@ox.ac.uk,87 Anzinger Terrace
115,8 Magdeline Crossing,1955-03-30,Janifer,Fonquernie,jfonquernie36@indiatimes.com,483 Reinke Street
116,3 Continental Way,1965-11-15,Herold,O'Cleary,hocleary37@accuweather.com,61042 Summer Ridge Avenue
117,98408 Dexter Park,2000-02-07,Ardenia,Dictus,adictus38@xinhuanet.com,55 Arrowood Park
118,71858 Redwing Point,1977-01-22,Joan,Hearnshaw,jhearnshaw39@xinhuanet.com,41 Havey Court
119,494 Alpine Parkway,1990-02-10,Holly-anne,Maunton,hmaunton3a@pen.io,204 Transport Center
120,308 Carey Alley,1978-02-22,Koressa,Askaw,kaskaw3b@dagondesign.com,646 Everett Center
121,222 Green Ridge Terrace,1935-02-13,Ashlin,Minchin,aminchin3c@fema.gov,63362 Grasskamp Court
122,9695 Helena Court,1936-08-24,Jeanette,MacShirrie,jmacshirrie3d@about.me,371 Pepper Wood Drive
123,077 Golf Course Terrace,1979-10-25,Marjy,Kordova,mkordova3e@vistaprint.com,91 Summer Ridge Crossing
124,307 Algoma Hill,1947-12-22,Pandora,Szimon,pszimon3f@prweb.com,301 Ramsey Place
125,30252 Golf Street,1931-02-26,Morgen,Buse,mbuse3g@istockphoto.com,0743 Rockefeller Junction
126,15054 Buhler Hill,1947-10-15,Lutero,Juggings,ljuggings3h@feedburner.com,95 Kingsford Avenue
127,535 Elgar Avenue,1974-05-20,Carleton,Whittet,cwhittet3i@archive.org,4895 Meadow Ridge Point
128,2 Glacier Hill Way,1989-07-05,Errol,Hardage,ehardage3j@t-online.de,1 Corry Avenue
129,58 Montana Center,1944-04-02,Farah,Facher,ffacher3k@nps.gov,73084 Cottonwood Junction
130,77775 Farmco Alley,1935-12-12,Sondra,Pott,spott3l@archive.org,62168 Coolidge Place
131,2853 East Street,1961-12-13,Chrisse,Aggiss,caggiss3m@si.edu,5991 Walton Pass
132,58 Hazelcrest Park,1979-07-25,Kathrine,Dorman,kdorman3n@forbes.com,95873 Goodland Court
133,05490 Lawn Park,1936-10-24,Brodie,Ballham,bballham3o@dailymail.co.uk,0594 Judy Drive
134,64793 Macpherson Street,1965-01-15,Pepito,Chasmer,pchasmer3p@google.it,03752 Stephen Street
135,4525 Corben Parkway,1980-01-25,Amelie,Lorman,alorman3q@hugedomains.com,30 Loftsgordon Plaza
136,379 Hazelcrest Terrace,1973-04-29,Isidora,Awin,iawin3r@prweb.com,7 Scott Pass
137,72810 Anderson Street,1978-05-05,Sloan,Knottley,sknottley3s@salon.com,0 Pleasure Crossing
138,6673 Corben Road,1946-04-18,Xena,Tanby,xtanby3t@ucoz.com,339 Esker Park
139,4318 Luster Parkway,1952-06-28,Karina,Achurch,kachurch3u@cornell.edu,32601 Crownhardt Park
140,75194 Prairieview Trail,1951-05-04,Emmalee,Gavriel,egavriel3v@a8.net,14688 Clyde Gallagher Place
141,4 La Follette Hill,1975-07-25,Lanny,Edgin,ledgin3w@dedecms.com,689 Magdeline Court
142,720 Northridge Way,1967-07-01,Atalanta,O'Caine,aocaine3x@theglobeandmail.com,10103 Everett Road
143,15049 Calypso Trail,1983-11-08,Norton,Decayette,ndecayette3y@bbb.org,536 Haas Hill
144,2 Dayton Drive,1974-09-03,Ingeberg,Petken,ipetken3z@wikimedia.org,664 Lakewood Avenue
145,5 Ludington Road,1978-12-09,Lynette,Andriveaux,landriveaux40@tumblr.com,4 Cottonwood Parkway
146,2235 Lakewood Gardens Lane,1972-05-25,Laurel,McGawn,lmcgawn41@myspace.com,0781 Acker Road
147,5910 Susan Pass,1998-08-07,Eada,Tunsley,etunsley42@free.fr,9451 Welch Center
148,96368 Warner Road,1941-08-09,Sinclare,Lunge,slunge43@businessinsider.com,1 Bay Hill
149,66 American Ash Alley,1991-12-10,Sal,De Marchi,sdemarchi44@bizjournals.com,37 Arkansas Place
150,74820 Kinsman Circle,1935-06-16,Georgie,Garahan,ggarahan45@newyorker.com,7 Browning Center
151,17950 Weeping Birch Road,1977-11-17,Cairistiona,O'Carney,cocarney46@amazon.co.jp,921 Scoville Hill
152,72686 Hanson Avenue,1980-09-11,Donetta,Vannoort,dvannoort47@privacy.gov.au,01465 Browning Hill
153,50 Duke Point,1998-05-10,Gwen,Shortt,gshortt48@csmonitor.com,68207 Moland Crossing
154,0 Marquette Hill,1966-04-03,Matt,Prangley,mprangley49@newyorker.com,9441 Chinook Lane
155,6047 Larry Pass,1930-05-07,Arley,Ambrodi,aambrodi4a@cbsnews.com,72623 Schmedeman Point
156,58 Reinke Park,1936-07-10,Ermina,Hurburt,ehurburt4b@google.es,4894 Utah Crossing
157,2164 Sunnyside Trail,1938-08-11,Waring,Laver,wlaver4c@ocn.ne.jp,69133 Summit Park
158,5529 Springs Junction,2000-01-30,Yvonne,Pick,ypick4d@barnesandnoble.com,4 Lake View Place
159,9977 Gina Trail,1948-04-05,Nobie,Ostler,nostler4e@yolasite.com,10783 Sherman Circle
160,5888 Upham Lane,1981-11-15,Kennedy,Dumingos,kdumingos4f@zdnet.com,21480 Hoepker Terrace
161,13865 Melvin Street,1944-04-22,Chandal,Dowdeswell,cdowdeswell4g@about.com,794 Larry Court
162,5951 Westend Place,1967-11-25,Barnard,Conklin,bconklin4h@thetimes.co.uk,1 Northfield Hill
163,6 Gale Parkway,1932-07-26,Bili,Eccles,beccles4i@webeden.co.uk,76090 Spohn Avenue
164,500 Fieldstone Plaza,1944-09-21,Chad,MacTerlagh,cmacterlagh4j@t-online.de,02 Fuller Avenue
165,4 Mcbride Pass,1954-07-30,Lisette,Broadberrie,lbroadberrie4k@theatlantic.com,42 Lakeland Street
166,97 Truax Avenue,2000-07-24,Cordelie,Brislen,cbrislen4l@phoca.cz,1 Schlimgen Point
167,64 Bobwhite Circle,1971-10-20,Devon,Merdew,dmerdew4m@soundcloud.com,033 Arizona Place
168,36779 3rd Crossing,1981-03-23,Zelma,Murname,zmurname4n@salon.com,63 American Trail
169,342 Judy Parkway,1954-09-22,Ethelda,Stanislaw,estanislaw4o@histats.com,4816 Reindahl Street
170,4393 School Parkway,1948-08-30,Darci,Fleckness,dfleckness4p@ed.gov,92135 Forest Run Place
171,55354 Sutherland Place,1969-04-12,Melania,Carmel,mcarmel4q@google.ru,1526 Chive Trail
172,79897 Calypso Parkway,1946-09-10,Mavra,Trebble,mtrebble4r@nih.gov,4 Mitchell Avenue
173,25 West Way,2001-11-13,Elnora,Kuhnt,ekuhnt4s@fema.gov,0054 Katie Plaza
174,18 Browning Court,1960-03-12,Aarika,Hartzenberg,ahartzenberg4t@prlog.org,52906 Magdeline Place
175,72863 Charing Cross Circle,1973-12-14,Jerrold,Bandey,jbandey4u@icq.com,9142 Macpherson Drive
176,967 Messerschmidt Center,1940-01-20,Jarred,Dumigan,jdumigan4v@statcounter.com,070 Old Gate Point
177,65 Claremont Terrace,1969-11-26,Ermengarde,Grattan,egrattan4w@goo.gl,8841 Mayfield Pass
178,64 Badeau Plaza,1933-11-11,Jaime,Hardwick,jhardwick4x@tripod.com,889 Summerview Court
179,96125 Cordelia Junction,1992-02-08,Aloisia,Archbald,aarchbald4y@jugem.jp,5 Bunker Hill Avenue
180,2 Roth Hill,1997-09-29,Ewart,Megahey,emegahey4z@deliciousdays.com,499 Del Mar Hill
181,9465 Old Shore Street,1984-03-17,Sheridan,Rushbrooke,srushbrooke50@instagram.com,28149 Ryan Alley
182,4162 Aberg Terrace,1952-02-12,Antons,Broom,abroom51@dion.ne.jp,5953 Pond Plaza
183,50 Stone Corner Lane,1998-11-03,Loren,Queyos,lqueyos52@army.mil,3 Carioca Place
184,8 Green Court,1997-04-08,Ralina,Stanmore,rstanmore53@google.co.uk,97256 1st Trail
185,26111 Eagan Park,1994-09-27,Dennison,Pidwell,dpidwell54@foxnews.com,95 Bartillon Pass
186,7067 Towne Place,1956-06-26,Willow,Bernardo,wbernardo55@hostgator.com,5919 Clove Street
187,6 Cody Alley,1961-06-24,Sibeal,Takos,stakos56@jiathis.com,24216 Quincy Junction
188,0 Arizona Pass,1998-02-02,Flossie,Winger,fwinger57@51.la,9 Mockingbird Court
189,069 Westerfield Road,1989-08-06,Concettina,Ramble,cramble58@yale.edu,302 Holmberg Hill
190,50 Springview Trail,1939-01-16,Adriaens,Veazey,aveazey59@google.ca,5756 Kipling Circle
191,39 Dahle Place,1955-07-26,Karina,Nellies,knellies5a@cocolog-nifty.com,084 Corben Circle
192,93 Crownhardt Park,1987-01-10,Lucia,Durbin,ldurbin5b@yahoo.com,597 Burrows Point
193,32 Warbler Park,1930-10-25,Kipp,Yakunkin,kyakunkin5c@whitehouse.gov,0062 Bunting Parkway
194,746 Shelley Drive,2001-06-13,Tamma,Swinden,tswinden5d@chronoengine.com,7548 Summit Point
195,445 Lighthouse Bay Lane,1946-10-09,Barbara-anne,Barwise,bbarwise5e@blogtalkradio.com,9421 Chive Alley
196,37 Shopko Drive,1956-12-14,Kenyon,Fairlem,kfairlem5f@ucla.edu,960 Eggendart Avenue
197,9212 Calypso Circle,1957-03-06,Giacopo,Mapples,gmapples5g@miibeian.gov.cn,63164 Raven Court
198,4581 Moose Junction,1976-10-12,Lisbeth,Calles,lcalles5h@blogtalkradio.com,8095 Stuart Street
199,61 Boyd Lane,1934-12-26,Cherilyn,Weippert,cweippert5i@chicagotribune.com,048 Warbler Point
200,97 Dwight Pass,1972-09-13,Leopold,Goucher,lgoucher5j@craigslist.org,4 Thierer Parkway
