id,address,birth_date,name,surname,home_community,phone_number
1,274 Harbort Parkway,1962-03-31,Mag,Kerswell,Maymana,1263700642
2,936 Westerfield Road,1971-06-19,Seymour,Blesli,Rungis,9215944639
3,20 Onsgard Parkway,1959-06-28,Carole,Ferguson,Takaishi,4094197090
4,604 Grover Court,1994-07-27,Hamel,Scogings,Changbao,3242887031
5,6 Center Court,1934-10-28,Alejoa,D'Antonio,Quchomo,2497206726
6,0 Saint Paul Point,1985-10-17,Siusan,Kehir,Fort Wayne,2601818767
7,44 Londonderry Alley,1968-05-05,Araldo,Autrie,Maïné Soroa,4218614535
8,9 Miller Center,1997-01-19,Gabriela,Mainz,Tekeli,8888239920
9,0824 Miller Avenue,1986-11-26,Melicent,Prosch,Robertsfors,9229349370
10,0845 Elgar Trail,1977-09-30,Hashim,Lucien,Pogorzyce,2997722578
11,60803 Clyde Gallagher Hill,1985-07-31,Sven,Quodling,Bicurga,7508207357
12,1950 Barby Street,1979-04-14,Arda,Blackly,Campamento,2552829650
13,0 Acker Plaza,1999-05-04,Shelagh,Braunston,Gizo,6206580179
14,697 Dennis Court,1967-10-27,Electra,McGall,Ludvika,6854058526
15,83543 Talisman Hill,1969-07-11,Benton,Wrist,Lysogorskaya,1068586198
16,0 Monica Crossing,1930-07-10,Dominga,MacElroy,Qinjiang,8145551681
17,4 Hintze Alley,1976-04-24,Lisette,Gaenor,Stari Grad,5797981024
18,4 Warner Parkway,1937-05-17,Hart,MacKinnon,Kotabaru,8536971619
19,141 Dovetail Plaza,1944-11-23,Vale,Sive,Kutloanong,4831090479
20,9255 Little Fleur Trail,1988-12-07,Aubrie,Spyvye,Donskoy,9562369263
21,9094 Old Gate Pass,1980-06-27,Bernhard,Sutheran,Anyar,8904393928
22,5264 Sommers Drive,1968-08-26,Hendrika,Ceeley,Villa Constitución,9607682411
23,87 Crescent Oaks Circle,1942-07-27,Karry,Coleridge,Benito Juarez,5574981483
24,8 Eliot Hill,1992-12-31,Corella,Hallam,Gunungmalang Satu,2654574357
25,5319 Shoshone Center,1946-07-25,Kelsey,Mantram,Gendiwu,7715838260
26,7 Linden Lane,1971-03-12,Dee dee,Rhymer,Bentengjawa,9683595708
27,69 Annamark Park,1950-05-25,Benjamin,Yegorkov,Dobre Miasto,7474622584
28,8 Butternut Junction,1994-07-07,Charis,Helliar,Buchach,2339490302
29,7076 Hollow Ridge Point,1982-09-27,Mallorie,Christoffels,Shangying,8698691117
30,842 Cherokee Avenue,1991-01-27,Eustacia,Skingle,Alvega,5747516197
31,17815 Bayside Lane,1936-07-05,Gussi,Baldacco,El Cubolero,5334330994
32,72 Oriole Point,1935-10-22,Duky,Neeve,Artybash,5746908944
33,603 Swallow Alley,1930-11-25,Clovis,Turl,Konggar,4873982768
34,71560 Vermont Point,1956-12-23,Cosetta,Rettie,Enskede,5338521263
35,57 Nelson Park,1982-10-27,Tabb,Cooksey,Itbayat,3503496440
36,8909 Spohn Point,1942-03-27,Rosemary,Priestman,Issoire,2847756625
37,27 Green Ridge Junction,1999-01-16,Griffin,Ximenez,Tauca,7968025319
38,163 Walton Center,1930-06-23,Jemmie,Bowton,Indaial,8321074574
39,3857 Waubesa Court,1980-09-08,Steffi,Tandy,Ohafia-Ifigh,7045557653
40,584 Bellgrove Drive,1977-09-14,Ethelin,Malyj,Strasbourg,6928445543
41,11 Dorton Place,1973-10-12,Katy,Sauniere,Batas Barat,9158627701
42,506 Thierer Parkway,1988-04-09,Jervis,Nathan,Luojiaping,5864744376
43,964 Northland Way,1933-06-14,Aubert,Trotton,Boulogne-Billancourt,5106389932
44,2610 Buell Alley,1959-04-19,Mara,Clacson,Bani,8577700721
45,119 Utah Lane,1937-05-21,Chester,McElvogue,Klumpit,9907600809
46,08 Columbus Hill,1994-05-03,Jehanna,Tidball,Toumodi,4019714287
47,55 Waubesa Point,2000-09-06,Augy,Lorkings,Shiye,8929329602
48,1 Cascade Avenue,1971-10-26,Suzi,Quig,Tama,1614137766
49,4 Esker Junction,1937-05-21,Denna,Roads,Sonina,9628422317
50,3 Transport Plaza,1978-06-15,Deeanne,Ales0,Ždánice,2983569610
51,75 La Follette Hill,1955-08-02,Quinlan,Jendrys,Yuza,9326833419
52,7 Loftsgordon Plaza,1935-09-08,Ruthy,Le Bosse,Visby,9406160713
53,21 Veith Plaza,1948-05-29,Hy,Allaker,Jiannan,5276182745
54,542 Forest Run Circle,1990-05-29,Guenna,Bruntjen,Mitsuke,4936747075
55,20 Dexter Terrace,1977-06-22,Walt,Domsalla,Mieszkowice,5727857815
56,3 Sauthoff Junction,1997-05-19,Davy,Idenden,Abuja,7467739975
57,64457 New Castle Drive,1943-12-27,Donelle,Grima,Ventsy,8694716742
58,51818 Kinsman Point,1956-08-15,Tamma,Berthe,Katsina,8279100586
59,783 Gateway Crossing,1977-10-13,Brianna,Roseblade,Anahawan,2745029045
60,81 Melby Lane,1946-10-22,Nichol,Deem,Ngrambitan,7238706874
61,53 Old Shore Pass,1965-05-20,Robinia,Duff,Yanqi,6777550548
62,50 Center Junction,1983-01-14,Annabelle,Chard,Cigadog,3417261415
63,4 Ryan Road,1971-06-25,Adore,Matusson,Götene,8161459023
64,7 Susan Junction,1986-08-05,Bruis,Duffield,Karabash,7369185052
65,373 Kensington Drive,1932-12-23,Trudie,Hedworth,Presa,7723236164
66,503 Utah Park,1998-01-28,Kiel,Northing,Puro Pinget,2733599657
67,2444 Merrick Drive,1943-11-24,Starlin,Follen,Damaying,3698433789
68,38391 Sage Pass,1953-06-06,Kiri,Hasslocher,Jerez,1685217639
69,7804 Del Sol Road,1945-03-25,Frants,Edworthy,Penhold,3018151930
70,4895 6th Point,2000-07-05,Guenna,Newsham,Munkedal,4443112365
71,97 Di Loreto Parkway,1950-10-27,Jacenta,Kingsnoad,Dvorichna,1195950530
72,82 Ridgeway Park,1934-10-16,Patti,Coventon,Binalonan,7131155784
73,9277 Kings Lane,1953-10-17,Thornie,Bright,Sumberejo,7385086792
74,4642 East Parkway,1934-11-05,Wilhelmine,Kitcher,Antas,9559646007
75,56 Kennedy Place,1965-01-23,Sosanna,Petranek,Sudoměřice,7438404407
76,00 Rowland Alley,1985-02-20,Ulla,Locard,Älvsbyn,6769068813
77,22 Golf View Drive,1936-06-30,Jed,Iremonger,Ponte,7408197379
78,6 Russell Crossing,1981-02-17,Sonny,Hysom,Siwa Oasis,6676059678
79,308 Warrior Terrace,1998-06-24,Courtnay,Bolingbroke,Omsk,6592676689
80,231 Express Terrace,1959-05-08,Lorette,Risdall,Enköping,6418294468
81,348 Merrick Place,1995-03-15,Aurore,Cholton,Cibatu,7499609372
82,0 Bunting Avenue,1981-05-19,Levy,Cantos,Ubiaja,9308086367
83,4282 Iowa Parkway,1969-08-17,Holly,Bambra,Pila,6605361281
84,2 Arkansas Alley,1931-10-09,Johnathan,Brinded,Emiliano Zapata,6261943633
85,756 Darwin Trail,1984-12-08,Rosette,Forstall,Fartura,3853030393
86,5858 Hansons Circle,1953-01-08,Kendal,Spera,Naro-Fominsk,3318643572
87,51818 Bartelt Point,1994-05-08,Basil,Coatts,Pandan,9785259579
88,19410 2nd Lane,1952-10-26,Daryl,Ridgley,Perico,8447383508
89,43 Swallow Plaza,1936-12-04,Elianora,Hughesdon,Jiuxian,2286919262
90,319 Logan Court,1990-09-20,Yale,Cranna,Żarki,8926649073
91,1157 Waubesa Circle,1972-05-26,See,Jahnel,Podujeva,1057611978
92,5 Thompson Circle,1967-06-22,Amalle,Halligan,Tinumpuk,4353417573
93,15270 Washington Center,1970-10-13,Skell,Douce,Bununu Kasa,2096520919
94,5890 Brown Junction,1931-07-23,Dory,Scotcher,Fushan,4898117197
95,163 Loeprich Crossing,1973-04-29,Chick,Cunningham,Paghmān,8011841495
96,97917 Starling Road,1980-08-21,Xylia,Polak,Pantang,6306974040
97,23 Valley Edge Trail,1985-05-13,Shay,Dixsee,Dahe,8961407406
98,183 Memorial Plaza,1979-01-20,Davina,Grotty,Zhosaly,8969083712
99,6 Manitowish Hill,1979-09-11,Aundrea,Beyne,Madrid,8027308356
100,10 Barby Junction,1981-11-20,Emilia,Turnell,Kavásilas,9736448208
101,5 Rusk Place,1933-04-24,Dimitri,Chown,Vale Covo,2791877655
102,69 Monument Parkway,1944-12-14,Harland,Hessing,Qibu,6684270199
103,1 Mosinee Crossing,1967-04-24,Greg,Edgehill,Bình Thủy,8077517491
104,0399 Hooker Park,1999-04-19,Giacobo,Lydiatt,Ciracap,1028663022
105,15958 Sutteridge Crossing,1994-03-06,Winona,Leynagh,Liulimiao,4438386722
106,9 Valley Edge Hill,1971-09-16,Jolynn,Pyrah,Minuyan,9056960776
107,32 Brown Hill,1988-06-08,Darbie,Balffye,Prawdzinski,9762458420
108,13 Texas Point,1985-09-05,Yolanthe,Elcum,Sambava,6412669152
109,4636 Eastlawn Junction,1976-03-19,Anjela,Chattell,Nakhon Pathom,4529646963
110,56 Eagle Crest Lane,1970-02-17,Tera,Palk,Ágios Spyrídon,9853458117
111,54214 Roxbury Crossing,1982-06-23,Avie,Philbin,Santa Monica,6576867348
112,92 Waxwing Plaza,1965-05-22,Tommie,Laurentino,Mercaderes,6871280281
113,0 Russell Park,1992-04-07,Samson,Cunniff,Néos Skopós,4073436946
114,226 Anhalt Alley,1980-02-20,Keslie,Gigg,Florida,5609710399
115,8 3rd Terrace,1930-08-14,Alex,Boulde,Chrast,1192287904
116,5737 Jana Lane,1988-03-01,Ashia,Frangione,Pajarillo,7827364601
117,75222 Oriole Lane,1971-02-21,Neill,Gerriets,Aktsyabrski,1551493408
118,6554 Twin Pines Circle,1992-05-13,Merrilee,Kennington,Yongding,6574989818
119,4 Spenser Place,1976-12-13,Leland,Elston,Fatuhilik,2077513882
120,746 Northland Court,1964-08-05,Shani,Waddoups,Iriga City,5012087552
121,1912 South Circle,1937-08-05,Valdemar,Mephan,Yanqian,6249494141
122,75318 Southridge Parkway,1932-03-24,Doug,Crowche,Tonj,5221912741
123,530 Derek Court,1957-09-13,Seymour,Peele,Sumberdangdang,6975783410
124,9 Schlimgen Hill,1959-12-03,Riordan,Standrin,Guder,6192431573
125,97 Holmberg Parkway,1971-04-21,Domini,Rippon,Starcevica,2967969827
126,697 Lawn Pass,1962-02-01,Karlik,Earles,Lagos,8228968638
127,261 Evergreen Trail,1976-04-17,Eugenie,Sinnock,El Tejocote,5833210344
128,2 Mcguire Place,1999-05-02,Guenna,Meneer,Huanghu,5434187329
129,19 North Place,1983-01-05,Miltie,Halmkin,Dalovice,9707537148
130,775 Vera Alley,1977-06-06,Tiphany,Housen,Yantongtun,9926461404
131,5 Canary Junction,1996-09-05,Archaimbaud,Garthland,Příbor,3082155249
132,6112 Hanson Crossing,1966-02-15,Annie,Toulamain,El Copey,5365886217
133,30 Eastwood Center,1958-09-12,Corabelle,Outibridge,Zhichu,5035889833
134,02726 Evergreen Place,1972-08-24,Gabby,Wedgbrow,Zhouxi,1995131167
135,64637 Michigan Plaza,1935-11-01,Emilio,Ubee,Paulo Afonso,2735671313
136,8 Ramsey Lane,1950-08-05,Modesta,Poynton,Hongshan,1745270053
137,49794 Hoepker Parkway,1968-04-21,Simmonds,Roubottom,Lop Buri,6609905584
138,6 Montana Trail,1938-05-03,Carmencita,Petican,Agraharam,4774218900
139,77757 Ridgeview Terrace,1940-12-24,Charita,Jillitt,Villanova,5777051669
140,5336 Forest Park,1941-08-05,Arturo,Shoebrook,Vershino-Shakhtaminskiy,6075850903
141,317 Anzinger Point,1990-02-25,Luis,Le Sarr,Stavropol’,8768885206
142,34518 Troy Center,1995-11-07,Dede,Davana,Luokou,1229403417
143,41 Crescent Oaks Circle,1942-06-10,Huberto,Redholes,San Antonio,6786429292
144,9 Algoma Drive,1949-08-26,Natalya,Sayles,El Carmen,9999586043
145,0164 Dennis Trail,1961-07-10,Jana,Geockle,Martinópolis,3607265078
146,33067 8th Street,1971-09-17,Algernon,Bitterton,Ringin Kembar,8344362599
147,68 Prairieview Center,1935-09-03,Addy,Tapp,Łaziska Górne,5791279126
148,7337 Birchwood Street,1930-12-03,Kalvin,Nixon,Savigny-le-Temple,7317984315
149,174 Towne Terrace,1934-09-14,Dillon,Marks,Shireet,8842241243
150,35 Gina Point,1944-02-27,Lenka,Jaquemar,Nowe Miasto,8606975866
151,221 Golf Course Way,1984-06-19,Llywellyn,Stedson,Hollola,5254273158
152,986 Colorado Center,1935-12-16,Trstram,Mocher,Juru,7909607775
153,52529 Maple Lane,1955-08-10,Curtice,Morch,Reguenga,2146993125
154,601 Dryden Circle,1956-02-06,Tiffie,Haps,Siemiątkowo,1445143457
155,0 Talmadge Avenue,1957-12-27,Modesty,Tamblyn,Vincennes,8104730034
156,187 Fordem Lane,1968-07-10,Courtney,Antoney,Soi Dao,3357351751
157,8 Maryland Plaza,1937-11-22,Gustavo,Ayree,Taozhuang,8287550631
158,3 Manitowish Drive,1936-03-01,Krystal,Ikins,Aiquile,9427144122
159,1401 Westend Park,1931-09-08,Lock,Ciani,Karlskoga,9679492525
160,277 Porter Alley,1953-03-30,Franz,Sizeland,Anahawan,8794514023
161,59526 Troy Point,1931-06-16,Damian,Hasslocher,Courelas Bravas,7498949756
162,12138 Talmadge Circle,2001-04-12,Elton,Leven,Nassarawa,1851186859
163,96 Crescent Oaks Circle,1936-12-26,Cornall,Skuse,Rouen,6755731171
164,75864 South Lane,1997-03-04,Aarika,Gainsford,Barraute,1292550086
165,58142 Roth Center,1954-08-27,Goran,Dorsett,Talagasari,5322950257
166,3191 1st Lane,1938-12-10,Jud,Ricci,Debre Zeyit,6825151601
167,7 Towne Park,1978-11-22,Beauregard,Hubner,Vazante,9451473776
168,27443 Commercial Drive,1934-03-09,Rolland,Nursey,Gustavsberg,3578184946
169,71 Boyd Plaza,1999-08-21,Ambrosi,Tabbernor,Atimonan,5485768176
170,5 Loftsgordon Way,1962-01-30,Lock,Saxelby,Tsu-shi,2907517463
171,286 Di Loreto Road,1953-03-04,Lek,Blaskett,Jobabo,4303902932
172,4596 Westerfield Parkway,1960-10-06,Bridget,Luberti,San Julian,4147853642
173,0372 Buhler Point,1960-12-03,Garfield,Daw,Praia de Mira,2745903141
174,3574 Holmberg Trail,1972-01-03,Rani,Tewelson,Messina,5906526823
175,7969 Jackson Alley,1981-12-15,Dwayne,Strathdee,Gōdo,6111716824
176,563 Morning Alley,1954-01-02,Elwira,Couchman,Orito,5659495565
177,887 Old Shore Circle,1957-10-08,Lonee,Minors,Fengxian,2753541917
178,602 Packers Drive,1992-03-26,Bryanty,Jickells,Nueva Loja,1746959723
179,60 Summerview Way,1942-07-13,Cami,Tour,Pôrto Barra do Ivinheima,5417216620
180,419 Forster Junction,1983-12-18,Brock,Treace,Krzyżowice,5692202140
181,139 Moose Avenue,1963-12-22,Selina,Rushsorth,Mbouda,9907265184
182,92575 Petterle Drive,1931-12-26,Vikki,McGilmartin,Porto-Novo,1984865684
183,51992 Vernon Road,1977-04-06,Betsy,Harly,Budziszewice,9916455980
184,5 Rockefeller Plaza,1978-12-20,Kalila,Petow,Sundsvall,7491180072
185,2 Bartelt Alley,2000-08-21,Anallise,Ryley,Vishnyakovskiye Dachi,5482286131
186,99 Forest Run Court,1962-02-19,Cyrille,Tuckey,Rudnichnyy,1661355323
187,99099 Park Meadow Hill,1943-01-23,Josh,Scase,Santo Domingo Oeste,3412819566
188,262 Southridge Drive,1963-07-05,Lelah,Creser,Khudāydād Khēl,3649033545
189,11231 Crest Line Circle,1944-09-26,Britta,Dovidaitis,Bojongaren,9736069848
190,2 Scofield Circle,1950-11-13,Alexei,Dolley,Haykashen,1394429786
191,0125 Debra Avenue,1936-03-27,Elysia,Bettridge,Plandi,9647136743
192,48 Orin Park,1949-12-22,Beatrix,Paulusch,Silvares,7187225237
193,290 Sachs Pass,1955-06-07,Erinn,Skittle,Mengyin,8739692604
194,274 Surrey Parkway,1933-08-28,Taffy,Goldwater,Dongxiang,6911341842
195,93206 Aberg Terrace,1955-03-21,Engelbert,Gibbs,Gurgurnica,4529730803
196,68584 Hintze Pass,1958-10-14,Tiffi,Spendley,Anzhero-Sudzhensk,3172322643
197,1679 Harbort Point,1981-10-25,Robbert,Claige,Jiangbei,5487063198
198,356 Hazelcrest Terrace,1956-09-21,Peri,Bartalot,Mazatenango,2434096055
199,7337 Corry Road,1964-03-27,Andy,Airy,Vargem Grande,7916205117
200,34290 Hazelcrest Terrace,1973-08-12,Leilah,Shrieves,Nansha,9903997186
