id,name,surname,address,birthDate
1,Kirby,Flamank,1520 Morningstar Way,1971-10-10
2,Madge,Veall,25 Northwestern Alley,1964-10-23
3,Adelheid,Crackett,9 Kensington Hill,1955-05-31
4,Shurlock,Mallia,96 Dwight Point,1957-12-13
5,Veradis,Paylie,09407 Namekagon Way,1935-04-08
6,Gaspard,Roberts,37 Lakewood Avenue,1941-03-07
7,Virge,Tommasetti,76 Merrick Drive,1954-01-31
8,John,Killough,58 Shasta Street,1998-08-26
9,Thalia,Dumbarton,899 Orin Parkway,1944-08-13
10,Justinian,Frantz,19414 Dennis Place,1995-12-23
11,Dennie,Connolly,0 Oak Valley Parkway,1979-01-11
12,Bevvy,Stoddard,24890 Express Court,1990-06-11
13,Barbara,Sellens,2 Ridgeway Street,1955-02-01
14,Adriena,Jahns,4144 Bunting Court,1964-04-22
15,Davie,Elderbrant,32169 Lakewood Hill,1947-03-11
16,Maryanna,Ladley,85886 Southridge Pass,1961-05-03
17,Jonah,Wallace,98232 Lake View Trail,1977-11-01
18,Celinka,Bellon,47150 Tennessee Drive,1948-10-08
19,Raimundo,Learoid,0 Delladonna Point,1975-11-09
20,Avivah,Durtnall,47682 Summerview Junction,1948-04-20
21,Fionnula,Mullenger,09250 Nobel Center,1954-12-13
22,Dorry,Glanester,082 Express Junction,2000-11-17
23,Stanislaus,Spall,375 Mccormick Junction,1977-10-31
24,Jennica,Mantrip,13 Bonner Circle,1930-03-16
25,Melesa,Borel,35 Ridgeway Circle,2001-01-10
26,Hollis,Haistwell,4267 Hauk Drive,1980-04-07
27,Ker,Blunsden,8593 Pierstorff Circle,1932-03-28
28,Ali,Condict,7900 Debra Point,1956-07-05
29,Christina,Gayle,44 Parkside Park,1974-06-10
30,Ahmad,Jessett,54 Debra Park,1994-03-25
31,Eadie,Burch,4030 La Follette Hill,1992-08-26
32,Jacky,Eddies,970 Jackson Road,1958-02-01
33,Artur,Frackiewicz,553 Badeau Junction,1984-06-28
34,Major,Saile,426 Dapin Point,1971-09-10
35,Margaretha,Gadman,1408 Cascade Lane,1934-07-04
36,Oswell,MacMickan,07823 Independence Terrace,1984-02-11
37,Reagen,Quade,16 Toban Terrace,1999-11-15
38,Rora,Hallede,4320 Thierer Plaza,1931-02-27
39,Quintana,Flicker,23 Eagan Trail,1933-03-07
40,Domenic,Gravet,69007 Straubel Junction,1993-10-08
41,Pierson,Kornyshev,05 4th Way,1984-06-25
42,Bernhard,Cassy,4 Michigan Junction,1950-02-19
43,Martie,Margetts,8 Bayside Plaza,1942-08-30
44,Maisey,Risbridger,332 8th Drive,1985-05-26
45,Sutherlan,Saunper,6 Green Way,1943-12-22
46,Colleen,Eggers,033 Spenser Street,1942-08-08
47,Carlye,Deards,1 Lotheville Center,1997-01-20
48,Vassily,Carbry,1727 Fulton Lane,1999-12-04
49,Nataniel,Culp,581 Sloan Plaza,1941-11-15
50,Cherie,Derrington,71 Grim Street,1947-11-01
51,Jeanie,Slade,1 Fairfield Center,1961-02-09
52,Towny,Gant,01 Summer Ridge Street,1984-10-13
53,Elayne,Dalman,96 Susan Plaza,1977-10-11
54,Hubert,O'Day,33586 Schmedeman Pass,1945-09-25
55,Chelsea,Endrizzi,2 Dayton Point,1996-08-01
56,Juan,Kliemann,7811 Dryden Alley,1993-11-28
57,Traver,Gommery,37020 Little Fleur Road,1966-12-25
58,Gustie,Bristowe,1323 Roth Park,1976-06-01
59,Manya,Scola,60524 Hanover Trail,1944-04-12
60,Sigfried,Stebbin,8 Maryland Drive,1981-07-20
61,Charmane,Hulks,938 Nancy Lane,1943-04-19
62,Fae,Huban,985 Park Meadow Place,1958-12-12
63,Gusella,Proudman,7 Reinke Avenue,1963-02-04
64,Harley,Rudgard,81234 Bunting Park,1958-12-26
65,Kerr,Weekley,9 Meadow Vale Crossing,1944-06-25
66,Paolo,Newborn,17391 Fairfield Park,1995-05-30
67,Jourdan,Pardy,5029 Stephen Point,1982-08-31
68,Gris,Collin,445 Daystar Park,1960-09-19
69,Joline,Lobb,888 Manufacturers Way,1954-11-17
70,Wynne,Pierse,7145 Clyde Gallagher Circle,1994-03-25
71,Dorree,Waplinton,672 Transport Park,1938-01-25
72,Orv,Garrow,5 Memorial Way,1987-02-06
73,Kip,Croxall,341 Manitowish Plaza,1933-09-11
74,Molly,Fone,44220 Barby Plaza,1962-12-03
75,Elizabet,Bedenham,59 Bunker Hill Trail,1941-01-03
76,Keene,Antoniewski,3783 Towne Pass,1935-06-25
77,Sile,Charlwood,7569 Kim Terrace,1961-02-12
78,Orland,Ibel,56747 Riverside Junction,1938-08-15
79,Peirce,Latek,41 Knutson Avenue,1977-02-05
80,Blair,Stickles,3302 Arizona Park,1991-03-15
81,Garry,Eaves,86546 Burning Wood Plaza,1992-08-10
82,Pace,Ferrillio,87 Bellgrove Junction,2000-05-16
83,Malissia,Garraway,87905 Laurel Hill,1949-12-07
84,Erie,Giveen,8631 Kedzie Park,1931-01-13
85,Tracie,Klambt,6 Sullivan Drive,1994-08-28
86,Orin,Anglish,19 Lien Road,1934-01-17
87,Slade,Magovern,0 Mockingbird Crossing,1957-10-13
88,Brooke,Tregona,55250 Prairie Rose Court,1932-08-23
89,Heddie,Canfer,3554 Barby Plaza,1991-03-20
90,Chucho,Fetherston,34 Myrtle Drive,1968-04-01
91,Gerry,McCoish,91211 Haas Alley,1997-11-17
92,Gare,Dorie,3 Messerschmidt Junction,1985-08-19
93,Cindi,Kynton,2976 Springview Parkway,1982-02-02
94,Marris,Bogaert,4561 Luster Alley,1977-05-22
95,Konstantin,Camerati,198 Dorton Lane,1967-12-14
96,Elsi,Desorts,445 Farragut Point,1953-09-09
97,Glenda,Shelford,39 Miller Park,1978-09-02
98,Vanni,Abramson,49153 Briar Crest Parkway,1955-09-01
99,Winny,Currington,916 International Center,1958-06-13
100,Trude,Samart,3235 American Ash Center,1945-03-25
101,Casie,Di Ruggero,3 Schlimgen Center,1964-05-06
102,Leopold,Castille,00 Larry Junction,1993-05-04
103,Mariann,Fuzzard,40700 Straubel Lane,1944-12-20
104,Lyn,Wraxall,8 Green Ridge Junction,1943-09-25
105,Kacie,Worsall,74696 7th Crossing,1948-12-22
106,Cynthy,Haversham,72 Ridgeway Avenue,1984-10-12
107,Quentin,Gaul,08973 Manitowish Parkway,1939-02-13
108,Eugenia,Ashmore,58 Grim Court,1966-07-02
109,Davie,Commings,77 Helena Alley,1989-03-27
110,Sissie,Worham,068 Pleasure Way,1990-08-10
111,Tyrus,Leebeter,543 Eastlawn Avenue,1966-12-17
112,Rosy,Gaskal,4 Dunning Trail,1946-12-16
113,Charley,Trenholm,19360 Stoughton Parkway,1964-08-01
114,Mervin,Syms,3 Melvin Lane,1952-07-17
115,Ned,Boobier,3 Shelley Hill,1982-09-09
116,Jaime,Elrick,3 Merrick Drive,1999-06-18
117,Zachariah,MacGowing,42 Springview Point,1990-06-11
118,Silvester,Farquhar,75447 Nobel Center,1964-04-12
119,Aaron,Baldry,72 Trailsway Parkway,1987-04-08
120,Caddric,Weerdenburg,5695 Little Fleur Junction,1947-07-30
121,Babs,Ovanesian,9647 Macpherson Crossing,1946-05-10
122,Marsh,Crosgrove,77087 Autumn Leaf Center,1940-01-15
123,Nadya,Foyston,1 Moulton Park,1931-09-08
124,Eugenia,Overstall,20 Bayside Place,1943-07-06
125,Laurel,Noke,00 Nancy Way,1999-07-08
126,Dante,Dight,9 Milwaukee Court,1944-11-08
127,Sylvan,Plenty,1873 Boyd Park,1951-12-08
128,Adaline,Sproule,8 Hudson Plaza,1960-09-28
129,Odessa,Scrowson,4 Vermont Pass,1985-02-16
130,Mordy,Craisford,4736 Novick Street,1939-05-19
131,Kara,Withinshaw,13652 Bluestem Parkway,1975-08-07
132,Daveen,Crabb,3607 Kinsman Parkway,1937-11-29
133,Gavrielle,Annable,58634 Golf Course Circle,1977-02-02
134,Olwen,Baggott,346 Arrowood Plaza,1946-06-06
135,Mitzi,Hunton,88664 East Circle,1985-05-03
136,Deane,Frampton,481 Green Ridge Lane,1964-03-28
137,Neilla,Sweett,87535 Cardinal Center,1944-05-15
138,Riccardo,Amy,00 Farmco Drive,1964-05-26
139,Peter,Lamperti,24885 Ludington Lane,1937-07-20
140,Farr,Rothschild,81918 Morningstar Crossing,1938-03-25
141,Brewer,Gittings,767 Carpenter Way,1985-07-10
142,Maggee,Cyseley,4282 Morning Terrace,1982-05-27
143,Stefa,Kinghorne,13 Oxford Plaza,1951-06-18
144,Rayner,Devaney,89 Lake View Alley,1953-12-27
145,Kale,Mattiello,058 Sunnyside Avenue,1957-02-04
146,Ezri,Coyne,7742 Graceland Plaza,1942-02-26
147,Marijn,Vickar,7 Havey Crossing,1940-09-17
148,Joann,Zecchetti,64 Maple Terrace,1995-06-07
149,Priscilla,Kuhnel,5253 Hermina Avenue,1976-03-14
150,Edita,Watson-Brown,85 Iowa Junction,1986-02-09
151,Leda,Gillman,26050 Manufacturers Lane,1933-09-04
152,Shanon,Blemings,940 Harper Crossing,1998-04-28
153,Kermit,Roach,8024 Sutherland Place,1996-12-07
154,Belia,Brinson,4 Farmco Center,1949-12-29
155,Natalya,Bracci,0 Village Trail,1997-03-03
156,Heall,McGebenay,6854 Kennedy Lane,1981-03-02
157,Sarah,Gilbody,821 Lakewood Parkway,1965-08-19
158,Clem,Balassa,5 Corben Way,1949-07-10
159,Brande,Noakes,24418 Buhler Circle,1950-07-26
160,Gene,Glanvill,0002 Hoffman Lane,1967-09-13
161,Perry,Clawsley,5065 Manufacturers Terrace,1959-02-26
162,Lane,Garraway,461 Steensland Point,1989-08-22
163,Enoch,Meaders,0 Rutledge Terrace,1940-05-31
164,Jessamine,Thor,1056 Tennyson Plaza,1960-04-20
165,Regan,Olrenshaw,72345 Hudson Plaza,1940-10-26
166,Alexis,Anchor,11 Bay Crossing,1942-01-28
167,Kimberlyn,Senten,6 Washington Road,1959-04-24
168,Arly,McGilvray,141 Helena Avenue,1962-04-24
169,Fenelia,Cristofolo,0218 Cardinal Avenue,1943-05-29
170,Tory,Moynham,5583 Moland Place,1993-07-01
171,Christian,Speed,26 Talmadge Trail,1963-03-03
172,Mab,Coytes,025 Lukken Drive,1998-06-27
173,Elsinore,Truckell,22849 Westridge Park,1950-06-16
174,Mariele,Higgonet,031 Tennessee Hill,1996-05-07
175,Josefina,Lamperd,807 Lakewood Gardens Point,1991-09-24
176,Godfree,Cockerham,287 Hanson Parkway,1970-08-27
177,Darla,Skoof,0 Kenwood Alley,1977-11-28
178,Faun,Schwier,96136 Maryland Lane,1960-12-19
179,Valentino,Parken,56408 East Trail,1989-03-30
180,Corene,Torn,7023 Rockefeller Alley,1937-09-07
181,Ellswerth,Smeal,9 Tony Street,1969-11-23
182,Tobey,Drew,6385 Rowland Avenue,1945-08-19
183,Noby,Blyde,46 Starling Center,1984-07-25
184,Den,O' Concannon,85 Lotheville Pass,1964-05-25
185,Hercules,Lowater,7099 Lawn Park,1964-04-08
186,Martie,Sharkey,3168 Anderson Pass,1951-05-03
187,Samara,Durno,42903 Shelley Crossing,1988-03-03
188,Beth,Nitti,513 Merry Plaza,1931-08-20
189,Annamarie,Mattys,5 Sullivan Road,1954-03-01
190,Sayres,Gini,860 Coolidge Point,1997-11-09
191,Randie,Guitton,18 Spaight Plaza,2001-12-04
192,Heywood,Tramel,95458 Lawn Junction,1957-06-12
193,Joella,Templeton,18957 Tennessee Avenue,2001-03-28
194,Maye,Lumox,607 Pennsylvania Pass,1937-07-26
195,Darla,Aicheson,36387 Garrison Avenue,1961-05-26
196,Monah,Passy,6 Vermont Crossing,1935-04-25
197,Clywd,Marin,4805 Mosinee Crossing,1940-06-11
198,Lita,Sappell,07132 Straubel Court,1990-04-30
199,Hanson,Camis,8 Mesta Point,1978-07-22
200,Louella,Bolderoe,3354 Kenwood Place,1939-05-27
201,Giacobo,Dinnies,6 Morning Road,1995-10-16
202,Cody,Levay,0865 Sage Street,1948-03-26
203,Gothart,Capaldi,1301 Esker Trail,1942-04-06
204,Darya,Pimerick,56 Roth Drive,1979-11-16
205,Jennee,Bosquet,7633 Pearson Crossing,1991-09-19
206,Reamonn,Esselin,9000 Hudson Street,1963-01-28
207,Aldus,Marconi,00893 Harper Circle,1970-02-17
208,Malva,Teggart,96 American Way,1970-09-29
209,Gay,Haggard,4 Little Fleur Trail,1973-04-16
210,Carolan,McKibbin,0736 Victoria Way,1932-07-20
211,Lorrin,McLae,19 Nova Junction,1948-06-13
212,Spencer,Wanley,52228 Sommers Circle,1953-12-06
213,Lindsey,Sekulla,33434 Sachs Court,1945-02-06
214,Ardys,Dedrick,29737 Bayside Alley,1962-09-04
215,Frederic,Amor,09305 Waxwing Road,1937-05-01
216,Gerhardt,Tolland,1 Green Junction,1949-12-17
217,Meghan,Tranter,9003 Springs Alley,1955-02-25
218,Gayle,Drogan,50017 Lien Parkway,1971-12-21
219,Ashby,Cosbee,57 Haas Terrace,1983-07-15
220,Hartwell,Cawt,9 Alpine Street,1985-07-07
221,Matty,Elrick,8696 Badeau Street,1980-11-01
222,Beatrix,Lambertson,2 Lakewood Gardens Place,1973-01-29
223,Barny,Pablo,6543 School Road,1993-08-15
224,John,Roll,660 Huxley Hill,1991-05-06
225,Donna,Albon,68 Barby Hill,1954-05-15
226,Gavan,Broggini,5 Grim Point,1984-12-14
227,Kacey,Dureden,82043 Lotheville Junction,1961-10-05
228,Janna,Hitzschke,0184 Rigney Parkway,1995-07-10
229,Dasya,Thorneley,857 Gateway Hill,1935-05-29
230,George,Candish,951 Upham Circle,1982-01-05
231,Ian,Garric,50304 Lillian Drive,1981-07-30
232,Sharity,McIlmorow,880 Hallows Street,1984-12-16
233,Shirline,Coom,88782 Karstens Lane,1964-02-11
234,Vinnie,Lound,1831 Elka Way,1959-08-27
235,Hagan,Nucci,68 Monica Court,1983-06-04
236,Kariotta,Nisius,97 Sundown Plaza,1977-03-19
237,Alden,Baelde,2 Main Pass,1953-07-25
238,Eugenia,Schubuser,7 Pepper Wood Crossing,1981-08-21
239,Channa,Waite,1 Barby Alley,1959-01-14
240,Kennett,Jerrems,90121 Dixon Way,1996-02-08
241,Sherry,Spat,82 Onsgard Junction,1970-02-17
242,Rufe,Mealing,14092 Gale Drive,2000-11-18
243,Hershel,Grimsdale,0 Redwing Road,1969-03-13
244,Vaclav,Duddell,4152 Columbus Avenue,1956-04-08
245,Filia,Penvarden,217 Magdeline Parkway,1948-09-03
246,Timoteo,Salvadori,102 Bayside Point,1962-12-23
247,Lettie,Tribell,036 Mockingbird Park,1998-04-07
248,Helen,Cranton,352 Orin Crossing,1940-06-12
249,Neile,Reedie,7007 Sommers Road,1972-05-15
250,Deerdre,Spedroni,801 Pennsylvania Avenue,1942-11-10
251,Philomena,Forgie,404 Rowland Plaza,1999-11-04
252,Angelica,Mineghelli,754 Delaware Way,1978-10-29
253,Wilmar,Headings,21 Prairie Rose Point,1995-07-25
254,Patric,Greaser,1 Waubesa Street,1992-11-23
255,Doti,Hickin,04 Butterfield Hill,1964-09-24
256,Ric,Bannell,5 Kings Circle,1943-01-10
257,Weston,Slyme,2 Corscot Junction,1973-01-17
258,Pierce,Harwood,94 3rd Lane,1980-10-27
259,Layne,Lohan,20519 Springview Drive,1983-12-04
260,Christabel,Biford,124 Blackbird Crossing,1983-05-26
261,Jerry,Bursnell,3 Hintze Place,1933-08-28
262,Latashia,Burkwood,95 Schurz Center,1950-11-01
263,Cherye,Rickman,35 Starling Circle,1985-07-06
264,Sylvan,Ecclestone,190 Hanson Way,1983-03-20
265,Bianka,Tildesley,745 Fordem Parkway,1978-06-13
266,Corry,McClinton,939 Lake View Trail,1941-01-20
267,Orly,Gorden,42947 Sherman Street,1965-09-03
268,Mikael,Biggans,013 Anthes Way,1979-06-07
269,Perry,Watkin,97 John Wall Trail,1953-10-07
270,Had,Garaway,4 Jenifer Point,1992-10-13
271,Hort,Fealty,4531 Birchwood Crossing,1990-11-23
272,Ches,Laughnan,40 Elmside Park,1983-08-11
273,Shandeigh,Cartan,449 Briar Crest Pass,1999-03-18
274,Bertrando,Cordingly,690 Grasskamp Way,1932-09-07
275,Pepita,MacDonell,1649 Swallow Crossing,2000-07-30
276,Ciro,Gilyott,90989 Kipling Parkway,2000-04-28
277,Candis,Madigan,9926 American Ash Way,1983-06-06
278,Dolorita,Britee,7187 Prairieview Park,1971-10-31
279,Dayna,Mansford,7596 3rd Street,1986-11-18
280,Haleigh,Shallcrass,6423 West Avenue,1981-02-12
281,Florance,Dewberry,8 Clemons Crossing,1951-02-23
282,Siffre,Flear,40 Tennyson Terrace,1953-09-05
283,Tanner,Gulk,41 6th Center,1961-10-03
284,Roger,Crimes,59842 Schiller Drive,1977-07-28
285,Brooks,Feldberg,66044 6th Parkway,2001-12-16
286,Ermengarde,Castri,07065 Loomis Way,1943-11-18
287,Keefer,Roostan,7 Kensington Court,1959-02-09
288,Valerie,Kosel,50151 5th Hill,1980-08-08
289,Lindsy,Yerson,55 Miller Parkway,1971-03-31
290,Tedmund,Edmondson,27 Dixon Street,1970-05-10
291,Amata,Scane,21382 New Castle Point,1955-12-26
292,Westbrooke,Arndt,24633 Bunting Way,1956-08-15
293,Audie,Malsher,0 Holy Cross Parkway,1948-05-12
294,Chris,Walbridge,26 Haas Trail,1936-11-28
295,Donica,Pattullo,57 Shopko Circle,1935-03-11
296,Bambi,Yven,27 Nova Pass,1994-08-21
297,Waverly,Wilfling,929 Clyde Gallagher Plaza,1973-10-06
298,Mikey,Guerro,3442 Carpenter Road,1930-07-26
299,Park,Haney`,558 Northland Plaza,1979-11-14
300,Lynda,Balasini,137 Northport Center,1971-03-19
301,Giacinta,Weldrake,37 Stephen Circle,1965-05-01
302,Trisha,Giveen,79625 Larry Park,1942-02-10
303,Janene,Love,24870 Leroy Court,1942-04-02
304,Sydney,Blance,8 Melrose Crossing,1933-07-22
305,Wesley,McGiff,3433 Lunder Plaza,1954-06-14
306,Lennard,Sloy,1 Comanche Plaza,1970-01-27
307,Miguela,Ruane,94 Bultman Hill,1994-08-05
308,Merrie,Bewshaw,2 Columbus Park,1980-02-11
309,Annabell,Magovern,5745 Claremont Point,1931-02-09
310,Morgan,Lace,33 Prairie Rose Way,1990-05-03
311,Osmund,Sonier,76573 Briar Crest Way,1983-04-09
312,Filip,Scoterbosh,142 Kennedy Terrace,1955-12-17
313,Kai,Potter,38 Kinsman Road,1942-12-12
314,Estrella,Rowbrey,8620 Commercial Court,2001-09-25
315,Karee,Gulvin,6 Mallory Center,1941-02-22
316,Tan,Bausmann,8 Michigan Court,1988-10-04
317,Ayn,Simeoni,65176 Maple Wood Avenue,1979-10-21
318,Vita,Frame,496 Barby Alley,1946-05-01
319,Earle,Enticknap,9 International Lane,1974-12-07
320,Elyn,Brecher,53 Mockingbird Place,1997-01-07
321,Leonerd,Treves,28 Maple Wood Center,1994-02-11
322,Leeanne,Snelman,192 Crowley Court,1939-09-09
323,Naoma,Giacomello,24479 Lukken Hill,1953-12-02
324,Junina,Kendrick,16 Maywood Park,1944-05-17
325,Karissa,Billingham,56 Butterfield Hill,1935-07-22
326,Quincey,Mularkey,8 La Follette Drive,1999-02-10
327,Georas,Nicholes,9174 Merry Drive,1958-04-28
328,Lambert,O'Gorman,62784 Washington Place,1970-07-31
329,Vite,Fyldes,0 Graedel Way,1994-05-24
330,Karney,Wakeford,80328 Schiller Pass,1943-12-04
331,Wren,Eastway,2 Killdeer Circle,1941-10-04
332,Kimbra,Hackelton,5 Hanover Pass,1964-10-30
333,Morse,Winton,464 Beilfuss Place,1955-10-16
334,Ursula,Vannah,60 Express Place,1944-08-26
335,Belita,Peare,813 Novick Trail,1998-09-19
336,Indira,Yakuntzov,71041 Mandrake Alley,1967-10-10
337,Lynea,Sheepy,805 Heath Drive,1994-01-21
338,Ashil,Leisman,84162 Mockingbird Plaza,1940-02-28
339,Tish,Westgate,42 Cottonwood Alley,1980-05-11
340,Beaufort,Korn,7 Maple Trail,1967-07-05
341,Jennica,Mennear,159 Ruskin Park,1942-12-01
342,Ardenia,Cree,575 Main Street,1968-07-14
343,Leisha,Patron,8 Merchant Way,1948-07-03
344,Jennica,Radley,38546 Lakewood Gardens Road,1941-04-26
345,Lyon,Bedinn,5366 Graceland Alley,1945-10-16
346,Ilka,Brettoner,220 Farwell Crossing,1985-12-12
347,Roshelle,Vaskin,1 Sunnyside Circle,1975-04-09
348,Ambrosius,Ungerer,7768 Lakeland Way,1935-07-13
349,Opal,Mulvihill,1 Oak Court,1932-01-31
350,Mendel,Tower,0829 Acker Drive,1938-04-22
351,Alberta,Marrison,966 Vahlen Road,1987-01-18
352,Bradly,Ancliff,389 Glendale Lane,1947-12-09
353,Puff,Bront,96 Larry Lane,1945-11-05
354,Mariel,Crone,1 Debs Park,1936-06-06
355,Faber,Kitcherside,27308 Oneill Pass,1941-02-18
356,Aarika,Pietraszek,8938 Thierer Lane,1998-07-31
357,Sarena,Jozefczak,773 Amoth Drive,1934-01-18
358,Floria,Cettell,426 Tomscot Court,1957-12-11
359,Lion,Nowaczyk,8 1st Way,1993-04-25
360,Phyllida,Bonnefin,199 Gateway Court,1991-12-08
361,Juana,Linwood,47439 Northport Pass,1960-05-23
362,Pancho,Meredyth,0424 Acker Drive,1957-11-20
363,Rebe,Wellard,355 Cardinal Avenue,1941-12-11
364,Pat,Di Bernardo,3 Upham Way,1972-07-23
365,Becca,Keher,4844 Menomonie Lane,1977-08-23
366,Nollie,Hann,223 Sherman Alley,1975-12-29
367,Fowler,Bruckman,292 Morrow Drive,2000-08-04
368,Filbert,Revie,93 Kipling Parkway,1970-04-23
369,Ange,Miche,34 Luster Drive,1995-11-26
370,Karin,Matschuk,44 Vernon Center,1995-10-29
371,Ber,Marcham,6 Thompson Street,1972-07-25
372,Annora,Stubbings,51120 Spaight Avenue,1950-10-14
373,Mohammed,Scrancher,7136 Iowa Terrace,1998-10-09
374,Marilin,Keel,2 Grim Trail,1955-02-28
375,Daren,Gianolo,7228 Heffernan Way,1944-01-17
376,Danice,Hammant,47 Hazelcrest Circle,1956-01-10
377,Roanne,Childe,2156 Dennis Plaza,1952-04-21
378,Marijo,Ipwell,8 John Wall Hill,1950-02-01
379,Darcie,Shevlane,6 Mandrake Pass,1943-08-16
380,Alric,Hamshar,47642 Kim Parkway,1939-03-21
381,Austin,Fold,3 Independence Hill,1991-07-01
382,Ashlin,Blaw,748 Kinsman Pass,1977-02-21
383,Ellery,Bault,73 Texas Avenue,1940-09-24
384,Berti,Mathiasen,40936 Mayer Place,1965-12-29
385,Christy,Reeday,20629 Morning Alley,1979-03-15
386,Hope,Cratchley,48698 Logan Alley,1938-12-14
387,Vernen,Perico,39977 Meadow Vale Street,1952-12-09
388,Ludovika,O'Sirin,9394 Nancy Junction,1979-03-25
389,Jose,Postlethwaite,62 Hallows Street,1972-03-07
390,Kipper,Wisdom,4678 Donald Point,1950-01-03
391,Gasparo,Vest,07 Westridge Street,1960-11-20
392,Melony,Randles,082 Milwaukee Junction,1986-09-22
393,Isabelita,Romi,15244 Milwaukee Plaza,1980-12-07
394,Edgardo,Darko,626 Buhler Terrace,1936-06-29
395,Eyde,Fibben,25 Mifflin Lane,1990-04-30
396,Nerita,Ainsworth,29 Prairie Rose Drive,1940-05-03
397,Roldan,Omar,29398 Bunting Pass,1979-09-08
398,Charisse,Milton-White,52 Tennessee Place,1993-11-07
399,Christabel,Gianninotti,0178 Kennedy Center,1960-02-24
400,Yvonne,Corran,9484 Lakewood Way,1935-04-15
