id,name,price
1,Flax Seed,42.38
2,Shortbread - Cookie Crumbs,41.78
3,"Coffee - Beans, Whole",74.11
4,Pork - Smoked Back Bacon,26.63
5,"Turkey - Breast, Double",79.11
6,Pastry - Lemon Danish - Mini,27.59
7,"Chocolate - Semi Sweet, Calets",95.74
8,Maple Syrup,82.82
9,Dooleys Toffee,8.99
10,Sauce - Cranberry,27.05
11,"Wine - White, Mosel Gold",91.59
12,Spaghetti Squash,6.9
13,Apricots - Dried,21.66
14,"Wine - Red, Wolf Blass, Yellow",44.02
15,"Radish - Black, Winter, Organic",3.95
16,Beer - Mill St Organic,3.55
17,Wine - Taylors Reserve,96.75
18,Puff Pastry - Sheets,54.36
19,Beer - Mill St Organic,17.34
20,Soup - Campbells - Chicken Noodle,5.92
21,Extract Vanilla Pure,33.72
22,Wine - Muscadet Sur Lie,52.2
23,Extract - Almond,32.45
24,Soup Campbells,50.75
25,Pastry - Trippleberry Muffin - Mini,10.78
26,Filter - Coffee,42.36
27,Bread - Wheat Baguette,93.99
28,Cake - Miini Cheesecake Cherry,69.52
29,Beer - Maudite,51.58
30,Grapes - Red,78.54
31,Muffin - Mix - Bran And Maple 15l,76.08
32,Table Cloth 91x91 Colour,52.45
33,"Pail - 15l White, With Handle",20.94
34,Hersey Shakes,53.77
35,Appetizer - Mango Chevre,40.97
36,"Yeast - Fresh, Fleischman",7.25
37,Bagel - Plain,22.57
38,Wine - Rosso Toscano Igt,91.79
39,Muffin - Zero Transfat,76.01
40,"Stock - Veal, Brown",90.67
41,"Beans - Long, Chinese",9.84
42,Pork Casing,20.96
43,Water - Spring 1.5lit,63.54
44,Toothpick Frilled,97.57
45,Beets - Mini Golden,22.31
46,Bacardi Mojito,88.78
47,Island Oasis - Peach Daiquiri,3.46
48,"Tart Shells - Sweet, 4",28.53
49,"Juice - Tomato, 48 Oz",75.64
50,Mayonnaise,86.78
51,Bagel - Everything Presliced,6.03
52,"Schnappes - Peach, Walkers",64.49
53,"Champagne - Brights, Dry",47.11
54,Appetizer - Smoked Salmon / Dill,89.21
55,Onion - Dried,8.77
56,"Soup - Beef, Base Mix",44.66
57,Tea - Decaf Lipton,38.32
58,"C - Plus, Orange",13.6
59,Graham Cracker Mix,54.45
60,Lettuce - Baby Salad Greens,5.79
61,"Cheese - Brie,danish",40.43
62,Duck - Fat,41.19
63,Pumpkin,96.55
64,Ocean Spray - Ruby Red,87.36
65,"Plate - Foam, Bread And Butter",36.44
66,Blackberries,12.68
67,Sugar - Brown,64.27
68,Bread - Italian Roll With Herbs,9.4
69,Onions - Pearl,33.19
70,Crackers - Water,47.36
71,"Pepper - Chillies, Crushed",97.34
72,Blueberries,15.58
73,Sour Puss Raspberry,82.57
74,Pepper - Red Chili,96.22
75,Foil - Round Foil,96.59
76,Seaweed Green Sheets,81.46
77,Creme De Cacao Mcguines,81.22
78,Jam - Apricot,92.53
79,Chocolate Bar - Coffee Crisp,1.21
80,Truffle Paste,75.35
81,Rabbit - Frozen,51.3
82,Neckerchief Blck,81.14
83,Calypso - Lemonade,32.14
84,Cheese - Sheep Milk,91.62
85,Cranberries - Fresh,82.66
86,True - Vue Containers,15.47
87,"Veal - Inside, Choice",18.14
88,Ginsing - Fresh,52.32
89,Pepsi - 600ml,26.45
90,Sprouts - Peppercress,74.33
91,Napkin Colour,51.67
92,Paper Cocktail Umberlla 80 - 180,69.8
93,"Beef - Baby, Liver",88.51
94,Tea - Lemon Scented,90.25
95,Seabream Whole Farmed,43.06
96,Potato - Sweet,65.65
97,Muffin - Mix - Bran And Maple 15l,73.02
98,Shrimp - Black Tiger 16/20,80.26
99,Piping - Bags Quizna,25.08
100,Muffin Mix - Raisin Bran,23.33
101,Bread - Granary Small Pull,93.26
102,"Wine - Red, Cabernet Sauvignon",56.77
103,"Pail - 4l White, With Handle",12.63
104,Bandage - Finger Cots,70.22
105,Wine - Peller Estates Late,42.6
106,Soup - Campbells Broccoli,68.3
107,Calypso - Pineapple Passion,73.62
108,Oil - Hazelnut,5.77
109,Bread - Calabrese Baguette,55.83
110,Foam Cup 6 Oz,19.75
111,Bar - Granola Trail Mix Fruit Nut,49.01
112,Wine - Zinfandel Rosenblum,55.88
113,Cheese - Victor Et Berthold,78.61
114,Cheese - Bocconcini,93.98
115,Bay Leaf,81.14
116,"Tortillas - Flour, 12",86.59
117,Longos - Chicken Curried,77.35
118,Bread - Assorted Rolls,3.95
119,Lamb - Shoulder,51.44
120,Cheese - Grie Des Champ,58.6
121,Cilantro / Coriander - Fresh,9.59
122,Dish Towel,92.88
123,Green Tea Refresher,85.74
124,Dates,66.37
125,Cattail Hearts,29.94
126,"Wine - White, Antinore Orvieto",75.18
127,Soup - Campbells Beef Noodle,24.71
128,Bananas,64.81
129,Trueblue - Blueberry,9.26
130,Wine - Coteaux Du Tricastin Ac,95.47
131,"Yogurt - Cherry, 175 Gr",75.78
132,Eel Fresh,45.85
133,"Pork - Back, Long Cut, Boneless",36.13
134,Cleaner - Comet,80.83
135,Hagen Daza - Dk Choocolate,17.28
136,Graham Cracker Mix,32.04
137,Mousse - Passion Fruit,59.79
138,Bar - Sweet And Salty Chocolate,42.28
139,Garam Masala Powder,78.68
140,Silicone Paper 16.5x24,70.69
141,Lettuce - Lolla Rosa,64.8
142,Beef - Tenderloin - Aa,68.15
143,Yukon Jack,49.64
144,Broccoli - Fresh,74.53
145,Cookie Dough - Chunky,85.61
146,Papayas,20.99
147,Pie Shell - 5,56.84
148,"Coconut - Creamed, Pure",14.21
149,Pork - Backs - Boneless,73.12
150,Soupcontfoam16oz 116con,30.85
151,Cheese - Fontina,40.47
152,Sage - Rubbed,99.06
153,Bread - Granary Small Pull,79.54
154,Greens Mustard,18.16
155,"Brocolinni - Gaylan, Chinese",93.13
156,"Wine - Red, Marechal Foch",89.51
157,Sobe - Berry Energy,42.73
158,Bandage - Flexible Neon,22.05
159,Veal - Osso Bucco,72.66
160,Green Scrubbie Pad H.duty,78.57
161,Yams,77.07
162,Lettuce - Sea / Sea Asparagus,56.52
163,Grand Marnier,8.75
164,"Tomatoes - Cherry, Yellow",83.32
165,Napkin White,99.79
166,"Nestea - Ice Tea, Diet",19.9
167,"Rosemary - Primerba, Paste",82.19
168,Chicken - Whole,35.28
169,Glove - Cutting,89.74
170,Cabbage Roll,28.04
171,Squash - Pepper,3.9
172,"Soup - Campbells, Spinach Crm",90.37
173,Buffalo - Tenderloin,29.19
174,Sauce - Plum,12.88
175,"Juice - Orange, Concentrate",96.63
176,Muffin Hinge - 211n,15.01
177,"Lemonade - Black Cherry, 591 Ml",19.87
178,Gatorade - Orange,9.12
179,Flower - Daisies,47.87
180,Onion Powder,40.15
181,Veal - Knuckle,40.0
182,Phyllo Dough,70.01
183,Galliano,44.98
184,"Juice - V8, Tomato",46.94
185,Flower - Commercial Bronze,32.23
186,Veal - Slab Bacon,97.29
187,Pickerel - Fillets,17.72
188,"Tart Shells - Savory, 2",73.91
189,Aspic - Clear,70.69
190,Juice - Orange,79.24
191,Wild Boar - Tenderloin,12.0
192,Wine - Hardys Bankside Shiraz,33.3
193,Bols Melon Liqueur,95.52
194,Cleaner - Lime Away,79.96
195,Chips Potato All Dressed - 43g,9.96
196,Remy Red Berry Infusion,39.19
197,Mountain Dew,93.56
198,"Wine - White, Pinot Grigio",71.93
199,Rice - Jasmine Sented,45.71
200,Pastry - Cherry Danish - Mini,62.95
