id,name,address
1,McDermott LLC,9081 Dunning Pass
2,Satterfield and Sons,5 Esch Road
3,D'Amore and Sons,59 Marquette Drive
4,"Schmitt, Simonis and Hegmann",44 Stone Corner Drive
5,"Satterfield, Dare and Emard",995 Mallard Drive
6,"Brown, Jacobi and DuBuque",850 Elmside Parkway
7,Mertz and Sons,7 Mccormick Parkway
8,Mohr Group,35 Little Fleur Terrace
9,Thompson-Beahan,9090 Delladonna Point
10,Harris Inc,2679 Westport Place
11,Fadel-Cartwright,285 Steensland Center
12,Cruickshank Group,2639 Buhler Alley
13,"Wilderman, Rogahn and Schmidt",97449 Dexter Street
14,Watsica-Swaniawski,69998 Porter Hill
15,Schroeder-Glover,59466 Scoville Place
16,Prohaska-Collier,88 International Park
17,Schaden LLC,2261 Nobel Court
18,Weber-Hodkiewicz,75 Fremont Drive
19,Johnston Inc,223 Michigan Parkway
20,"Tillman, Hane and Sauer",12073 Bluestem Place
21,Balistreri-Graham,724 Spaight Circle
22,Rippin LLC,4404 Becker Lane
23,"Ledner, Gutkowski and Purdy",2 Doe Crossing Way
24,Bayer LLC,67279 Chinook Alley
25,Casper-Haley,2653 Old Shore Point
26,Medhurst-Gerhold,2 Rockefeller Hill
27,Lind-Sporer,0 Granby Plaza
28,Kirlin-Wilkinson,630 Ryan Junction
29,"Marquardt, Thiel and Kihn",50 Grim Hill
30,"Rutherford, Lakin and Stoltenberg",3 Northfield Street
31,"Lind, Greenholt and Donnelly",222 Pearson Pass
32,Hudson-Purdy,8 Waxwing Parkway
33,Rath-Hettinger,6191 Declaration Park
34,Legros Group,73 Evergreen Parkway
35,Steuber-Lynch,90521 Aberg Avenue
36,Baumbach-Tillman,394 Lunder Pass
37,"Conroy, Okuneva and Kub",9867 Bonner Avenue
38,Heaney-O'Connell,15 Porter Circle
39,"Johns, Rolfson and Sanford",346 Bartelt Road
40,Waters-Lueilwitz,63798 Lawn Way
41,"Rohan, Cartwright and Morar",6 Mandrake Court
42,Zieme-Rau,10 Beilfuss Pass
43,O'Keefe-Durgan,26 Lien Crossing
44,Graham-Abshire,84 Dapin Court
45,Kerluke-Koelpin,47598 Roxbury Pass
46,Gleichner-Ernser,498 Nova Crossing
47,Stoltenberg-Beer,84528 Stone Corner Drive
48,"Graham, Klein and Stokes",5 American Avenue
49,"Green, Lowe and Langosh",82 Mifflin Park
50,McGlynn LLC,15392 Waxwing Lane
51,Glover-Douglas,0704 Stone Corner Drive
52,Robel and Sons,7944 Moulton Street
53,"Sawayn, Adams and Kuhic",4 Corben Crossing
54,"Cassin, Williamson and Turner",2 Towne Drive
55,Blick-Bergstrom,4 Loeprich Park
56,Becker-Kulas,1 Orin Point
57,"Harvey, Kuhn and Kilback",45 Monument Trail
58,Wintheiser-Lang,274 Talisman Trail
59,O'Connell-Hansen,0422 Heffernan Junction
60,"Osinski, Hermann and Zieme",43 Sundown Hill
61,"Quigley, Kertzmann and Prosacco",15 Green Terrace
62,Cruickshank-Bruen,34 Amoth Terrace
63,Kihn-Collier,51 Delladonna Point
64,"Wiegand, Daugherty and Bednar",145 Debs Circle
65,"Veum, Armstrong and Howe",45 Loomis Lane
66,Armstrong and Sons,77563 Pearson Center
67,Thiel-Windler,00525 American Ash Junction
68,"Frami, Schultz and Will",93 Rockefeller Place
69,"Anderson, Stroman and Lebsack",5 Oriole Junction
70,"Volkman, Nikolaus and Senger",94859 Butternut Trail
71,Graham and Sons,59 Corry Avenue
72,Quigley-Cole,49 Fuller Lane
73,Hudson Group,37289 Marquette Parkway
74,Willms Group,730 Hayes Court
75,"Goyette, Fahey and Nitzsche",89 Loftsgordon Drive
76,"Dooley, Feeney and Hettinger",7 Carpenter Center
77,"Tillman, Little and Fay",97079 3rd Trail
78,"Wiegand, McClure and Ferry",2652 Beilfuss Hill
79,Emard-Bauch,324 Becker Junction
80,Tillman-Conroy,56 Havey Junction
81,Cummerata-Grady,5042 Londonderry Street
82,Olson-Goodwin,002 Emmet Hill
83,Roob-Bayer,708 Springs Trail
84,Lind-Aufderhar,457 Lakewood Gardens Road
85,Marquardt-Labadie,06679 Dennis Crossing
86,"Baumbach, Trantow and Abshire",62292 Schmedeman Center
87,Swift LLC,6454 Wayridge Parkway
88,Kilback-Legros,35002 Carioca Terrace
89,Hudson and Sons,08590 Towne Point
90,Franecki Inc,948 Erie Street
91,"Barton, O'Reilly and Reichel",33 Hanover Lane
92,Wilderman Inc,3 Coleman Pass
93,Brown Inc,9900 Arrowood Way
94,Mills Inc,6 Maple Center
95,Collins-Nicolas,04 Sullivan Place
96,"Parisian, Conroy and Gleichner",618 Katie Road
97,Halvorson-Kreiger,51966 Doe Crossing Crossing
98,Lockman-Cassin,281 Pine View Center
99,Bergstrom Inc,674 Hoepker Junction
100,Lockman Group,20 Monterey Drive
101,Hilpert-Russel,1 Pankratz Parkway
102,Hackett-White,0 Hansons Plaza
103,Koch-Homenick,8252 Utah Crossing
104,Schowalter Group,4468 La Follette Place
105,Pfannerstill Inc,43 Ohio Avenue
106,Yundt-Kulas,9404 Rutledge Parkway
107,Gottlieb Inc,908 Scott Parkway
108,Herzog-Larson,614 Warner Center
109,"Walsh, Durgan and Brakus",84 Spenser Junction
110,Weissnat Inc,605 Waxwing Trail
111,"Kreiger, Bogisich and Stroman",0866 Vidon Trail
112,Fay LLC,4 Melody Street
113,"Wilkinson, Doyle and O'Reilly",9 Banding Junction
114,Luettgen-Ebert,52 Westport Street
115,Beahan LLC,47 Bunker Hill Court
116,"Runte, Collier and Hane",1 Monica Junction
117,"Mraz, Lehner and Reynolds",8430 Pepper Wood Way
118,Rippin and Sons,620 Moose Point
119,Mante Inc,58 Sachs Circle
120,"Kohler, Goodwin and Bradtke",59909 Lighthouse Bay Avenue
121,Kreiger and Sons,4 Judy Road
122,"Davis, Reinger and Kris",7358 Starling Drive
123,Roob Inc,53 International Center
124,"Streich, Ratke and Lebsack",1666 Rigney Avenue
125,"Bruen, Eichmann and Dickens",11020 Michigan Lane
126,Veum LLC,05 Corben Parkway
127,Ortiz LLC,0369 Warbler Hill
128,Franecki and Sons,87 Novick Park
129,Lehner Inc,7009 Sheridan Circle
130,"Cronin, Klocko and Brown",75643 Old Shore Place
131,Trantow Group,8067 Schlimgen Lane
132,Kiehn-Becker,0 Straubel Street
133,Yundt Inc,203 Chinook Parkway
134,"Muller, Dicki and Monahan",48719 Lunder Road
135,"Roberts, Toy and Stroman",66451 Sullivan Court
136,Stroman LLC,52 Jenna Road
137,"Baumbach, Hartmann and Kuvalis",9 Sauthoff Plaza
138,"Moore, Morissette and Altenwerth",7071 Myrtle Trail
139,Kshlerin Group,7072 Sheridan Terrace
140,Gleason-Sawayn,0 Killdeer Way
141,Champlin-O'Connell,966 Eagan Street
142,McCullough-Gorczany,0 Holy Cross Lane
143,Kuphal-Champlin,27 Cordelia Park
144,"Torphy, Cronin and Rosenbaum",5202 South Road
145,"Hartmann, Leannon and Cruickshank",03881 Reinke Drive
146,Schaefer-Beer,687 Utah Pass
147,Haley-McCullough,82173 Lindbergh Terrace
148,"Jast, Lebsack and Watsica",0099 Roth Park
149,Barton LLC,5 Bellgrove Junction
150,Huel LLC,06 Waywood Circle
151,Frami-Lemke,06 North Drive
152,"Hickle, Kilback and Hauck",39845 Hudson Center
153,Schneider Group,40575 Sundown Park
154,"Daniel, Walker and McClure",9 Shelley Hill
155,Jacobi LLC,672 Granby Terrace
156,Zemlak-Schowalter,17 Aberg Trail
157,"Upton, Grady and Monahan",68 Anthes Parkway
158,Stiedemann and Sons,1727 Truax Park
159,Murphy-Schuster,8029 Sunbrook Trail
160,Volkman-Altenwerth,2 Express Street
161,Lockman-Cummings,1 Summerview Street
162,"O'Hara, Hackett and Kautzer",55 Anhalt Junction
163,"Lynch, Lesch and Ledner",94 Ridge Oak Parkway
164,"Nolan, Harber and Corwin",458 Texas Pass
165,Harris-Hackett,278 Gulseth Plaza
166,Oberbrunner Inc,0 Chive Park
167,"Oberbrunner, McLaughlin and Wilkinson",70610 Ruskin Hill
168,Cruickshank and Sons,6951 Gerald Park
169,Wisoky Group,27 Brentwood Center
170,"Collins, Brown and Adams",950 La Follette Avenue
171,Emmerich and Sons,9 Grasskamp Center
172,Waters-Blick,32 Harper Way
173,McKenzie and Sons,65649 Talmadge Center
174,Fisher Inc,14 Coolidge Center
175,Hermann and Sons,0489 Helena Street
176,Kiehn Inc,35662 Fisk Trail
177,Gulgowski LLC,7363 Goodland Alley
178,Boyle-Gaylord,30 Fieldstone Terrace
179,Sipes-Langworth,3485 Fremont Plaza
180,Frami-Eichmann,433 7th Road
181,Marks-Jast,70525 Carey Junction
182,Shanahan and Sons,2 Stang Court
183,Labadie LLC,6 Mesta Way
184,Rogahn-Strosin,06085 Holmberg Alley
185,Bogan Group,1461 Messerschmidt Terrace
186,Bayer Inc,9 Village Parkway
187,"Blanda, Padberg and Leannon",04 Northport Trail
188,"Koch, Heaney and Yundt",21368 Hoffman Hill
189,Cole-Haag,05 Kedzie Pass
190,"Harber, Bechtelar and Haag",37429 Burning Wood Place
191,Dickinson-Hodkiewicz,262 Columbus Way
192,Herman Group,25 Thierer Street
193,"Fritsch, Sawayn and McGlynn",0724 Blue Bill Park Drive
194,Wehner-West,331 Hanson Alley
195,Graham and Sons,6 Ridgeview Center
196,Keebler Group,4575 Eliot Terrace
197,"D'Amore, Runolfsdottir and Glover",27 Nancy Junction
198,"Wolf, Hoppe and Raynor",99 Melrose Crossing
199,Flatley-Watsica,69863 North Drive
200,"Bechtelar, Stoltenberg and Abbott",37 International Street
